timestamp,gps_lat,gps_lon,qmi_tag,rat_mode,lte_plmn,lte_tac,lte_ecgi,lte_earfcn,lte_pci,lte_rsrp_dbm,lte_rsrq_db,lte_rssi_dbm,nr_plmn,nr_tac,nr_nci,nr_arfcn,nr_pci,nr_rsrp_dbm,nr_rsrq_db,nr_snr_db,lte_interfreq_neighbors_json
2026-05-08T12:57:55.681872Z,,,QMI,nsa,24201,33159,53366022,300,171,-89.4,-13.1,-56.2,,,,643296,,,,,"[{""earfcn"":""1306"",""pci"":""294"",""rsrp"":""-90.9"",""rsrq"":""-11.9"",""rssi"":""-68.4""},{""earfcn"":""1306"",""pci"":""296"",""rsrp"":""-96.2"",""rsrq"":""-16.9"",""rssi"":""-70.1""},{""earfcn"":""1450"",""pci"":""9"",""rsrp"":""-90.7"",""rsrq"":""-14.5"",""rssi"":""-66.8""},{""earfcn"":""1450"",""pci"":""11"",""rsrp"":""-92.9"",""rsrq"":""-17.0"",""rssi"":""-66.8""},{""earfcn"":""1450"",""pci"":""261"",""rsrp"":""-93.4"",""rsrq"":""-17.6"",""rssi"":""-66.8""}]"
2026-05-08T12:58:02.846457Z,,,QMI,nsa,24201,33159,53366022,300,171,-90.3,-11.8,-57.1,,,,643296,,,,,"[{""earfcn"":""1306"",""pci"":""294"",""rsrp"":""-93.0"",""rsrq"":""-11.7"",""rssi"":""-68.1""},{""earfcn"":""1306"",""pci"":""296"",""rsrp"":""-89.5"",""rsrq"":""-12.9"",""rssi"":""-68.1""},{""earfcn"":""1450"",""pci"":""9"",""rsrp"":""-86.3"",""rsrq"":""-11.4"",""rssi"":""-65.5""},{""earfcn"":""1450"",""pci"":""11"",""rsrp"":""-88.7"",""rsrq"":""-14.4"",""rssi"":""-65.5""},{""earfcn"":""1450"",""pci"":""261"",""rsrp"":""-92.3"",""rsrq"":""-15.7"",""rssi"":""-65.6""}]"
2026-05-08T12:58:08.894611Z,,,QMI,nsa,24201,33159,53366022,300,171,-93.0,-17.1,-56.8,,,,643296,,,,,"[{""earfcn"":""1306"",""pci"":""294"",""rsrp"":""-91.8"",""rsrq"":""-16.6"",""rssi"":""-57.7""},{""earfcn"":""1306"",""pci"":""296"",""rsrp"":""-95.1"",""rsrq"":""-16.1"",""rssi"":""-68.9""},{""earfcn"":""1450"",""pci"":""9"",""rsrp"":""-89.8"",""rsrq"":""-16.8"",""rssi"":""-51.9""},{""earfcn"":""1450"",""pci"":""11"",""rsrp"":""-94.9"",""rsrq"":""-18.1"",""rssi"":""-66.6""}]"
2026-05-08T12:58:39.483212Z,,,QMI,lte,24201,33159,53366022,300,171,-91.4,-11.2,-59.7,,,,,,,,,"[{""earfcn"":""1306"",""pci"":""294"",""rsrp"":""-90.6"",""rsrq"":""-10.5"",""rssi"":""-61.1""},{""earfcn"":""1306"",""pci"":""296"",""rsrp"":""-94.7"",""rsrq"":""-16.4"",""rssi"":""-65.9""},{""earfcn"":""1450"",""pci"":""9"",""rsrp"":""-87.1"",""rsrq"":""-12.8"",""rssi"":""-54.6""},{""earfcn"":""1450"",""pci"":""11"",""rsrp"":""-89.9"",""rsrq"":""-15.8"",""rssi"":""-67.1""},{""earfcn"":""1450"",""pci"":""261"",""rsrp"":""-98.4"",""rsrq"":""-20.0"",""rssi"":""-67.1""}]"
2026-05-08T12:59:10.099546Z,,,QMI,lte,24201,33159,53366022,300,171,-84.0,-10.3,-54.7,,,,,,,,,[]
2026-05-08T12:59:25.776795Z,,,QMI,lte,24201,33159,53366022,300,171,-76.7,-13.5,-42.0,,,,,,,,,[]
2026-05-08T12:59:36.492124Z,,,QMI,lte,24201,33159,53366022,300,171,-82.9,-13.6,-49.2,,,,,,,,,[]
2026-05-08T12:59:47.176137Z,,,QMI,lte,24201,33159,53366022,300,171,-74.8,-11.1,-44.2,,,,,,,,,[]
2026-05-08T12:59:57.855102Z,,,QMI,lte,24201,33159,53366023,300,172,-96.6,-20.0,-56.0,,,,,,,,,[]
2026-05-08T13:00:08.504389Z,,,QMI,lte,24201,33159,53366024,300,173,-88.2,-10.9,-58.4,,,,,,,,,[]
2026-05-08T13:00:19.204198Z,,,QMI,lte,24201,33159,53366024,300,173,-93.0,-11.6,-59.8,,,,,,,,,[]
2026-05-08T13:00:29.873760Z,,,QMI,lte,24201,33159,53366024,300,173,-91.4,-12.5,-56.9,,,,,,,,,[]
2026-05-08T13:00:40.578931Z,,,QMI,lte,24201,33159,53366024,300,173,-91.8,-11.2,-58.8,,,,,,,,,[]
2026-05-08T13:00:51.243138Z,,,QMI,lte,24201,33159,53366024,300,173,-94.5,-15.4,-58.1,,,,,,,,,[]
2026-05-08T13:01:01.963179Z,,,QMI,lte,24201,33159,53366024,300,173,-95.0,-15.4,-58.1,,,,,,,,,[]
2026-05-08T13:01:12.658633Z,,,QMI,lte,24214,31001,17863698,6200,327,-74.8,-7.0,-51.0,,,,,,,,,[]
2026-05-08T13:01:23.385176Z,,,QMI,lte,24214,31001,17863698,6200,327,-73.2,-6.5,-49.7,,,,,,,,,[]
2026-05-08T13:01:39.645859Z,,,QMI,lte,24214,31001,17863691,1850,327,-80.0,-12.7,-51.8,,,,,,,,,[]
2026-05-08T13:01:47.008116Z,,,QMI,nsa,24214,31001,17863691,1850,327,-80.2,-12.3,-49.6,,,,431790,,,,,[]
2026-05-08T13:01:53.137509Z,,,QMI,nsa,24214,31001,17863691,1850,327,-83.9,-12.9,-52.5,,,,431790,,,,,[]
2026-05-08T13:01:58.620990Z,,,QMI,nsa,24214,31001,17863691,1850,327,-80.5,-12.6,-48.3,,,,431790,,,,,[]
2026-05-08T13:02:04.646500Z,,,QMI,nsa,24214,31001,17863691,1850,327,-81.0,-14.5,-47.5,,,,431790,,,,,[]
2026-05-08T13:02:10.647998Z,,,QMI,nsa,24214,31001,17863691,1850,327,-93.9,-15.8,-58.7,,,,431790,,,,,[]
2026-05-08T13:02:16.121373Z,,,QMI,nsa,24214,31001,17863691,1850,327,-98.1,-17.0,-58.7,,,,431790,,,,,[]
2026-05-08T13:02:21.667275Z,,,QMI,nsa,24214,31001,17863691,1850,327,-102.8,-20.0,-59.4,,,,431790,,,,,[]
2026-05-08T13:02:27.790875Z,,,QMI,nsa,24214,31001,17863691,1850,327,-103.1,-20.0,-58.0,,,,431790,,,,,[]
2026-05-08T13:02:33.336540Z,,,QMI,nsa,24214,31001,17863691,1850,327,-104.7,-20.0,-59.6,,,,431790,,,,,[]
2026-05-08T13:02:38.896230Z,,,QMI,nsa,24214,31001,17863701,1850,327,-111.1,-20.0,-60.0,,,,431790,,,,,[]
2026-05-08T13:03:15.082721Z,,,QMI,lte,24201,33159,53825536,1450,162,-79.3,-9.3,-50.3,,,,,,,,,"[{""earfcn"":""1306"",""pci"":""103"",""rsrp"":""-92.5"",""rsrq"":""-19.6"",""rssi"":""-61.2""},{""earfcn"":""1306"",""pci"":""102"",""rsrp"":""-82.4"",""rsrq"":""-9.8"",""rssi"":""-61.2""},{""earfcn"":""300"",""pci"":""497"",""rsrp"":""-92.9"",""rsrq"":""-17.1"",""rssi"":""-66.5""},{""earfcn"":""300"",""pci"":""495"",""rsrp"":""-87.4"",""rsrq"":""-11.9"",""rssi"":""-66.5""},{""earfcn"":""300"",""pci"":""403"",""rsrp"":""-93.4"",""rsrq"":""-20.0"",""rssi"":""-61.9""}]"
2026-05-08T13:03:25.705225Z,,,QMI,lte,24201,33159,53825536,1450,162,-76.1,-8.8,-47.8,,,,,,,,,[]
2026-05-08T13:03:36.364987Z,,,QMI,lte,24201,33159,53825536,1450,162,-101.3,-16.4,-63.6,,,,,,,,,[]
2026-05-08T13:03:46.974630Z,,,QMI,lte,24201,33159,53825536,1450,162,-104.4,-19.1,-64.0,,,,,,,,,[]
2026-05-08T13:03:57.544496Z,,,QMI,lte,24201,33159,53825536,1450,162,-103.8,-18.7,-63.7,,,,,,,,,[]
2026-05-08T13:04:08.139164Z,,,QMI,lte,24201,33159,53825536,1450,162,-106.6,-20.0,-63.4,,,,,,,,,[]
2026-05-08T13:04:18.730203Z,,,QMI,lte,24201,33159,52970240,6400,430,-99.4,-16.7,-65.2,,,,,,,,,"[{""earfcn"":""300"",""pci"":""402"",""rsrp"":""-105.6"",""rsrq"":""-20.0"",""rssi"":""-75.9""},{""earfcn"":""1450"",""pci"":""162"",""rsrp"":""-113.0"",""rsrq"":""-20.0"",""rssi"":""-63.6""}]"
2026-05-08T13:04:29.318947Z,,,QMI,lte,24214,31001,1018898,6200,147,-83.4,-9.3,-56.5,,,,,,,,,[]
2026-05-08T13:04:39.912241Z,,,QMI,lte,24214,31001,1018898,6200,147,-73.4,-13.5,-42.9,,,,,,,,,"[{""earfcn"":""1850"",""pci"":""149"",""rsrp"":""-83.4"",""rsrq"":""-12.5"",""rssi"":""-61.5""},{""earfcn"":""1850"",""pci"":""81"",""rsrp"":""-97.3"",""rsrq"":""-20.0"",""rssi"":""-68.4""}]"
2026-05-08T13:04:50.503642Z,,,QMI,lte,24214,31001,1018891,1850,149,-90.2,-13.4,-56.9,,,,,,,,,[]
2026-05-08T13:05:01.097630Z,,,QMI,lte,24214,31001,1018891,1850,149,-86.9,-10.7,-56.2,,,,,,,,,[]
2026-05-08T13:05:11.691357Z,,,QMI,lte,24214,31001,18567701,1850,10,-88.2,-17.6,-48.0,,,,,,,,,[]
2026-05-08T13:05:22.284820Z,,,QMI,lte,24214,31001,18567701,1850,10,-90.2,-15.5,-54.7,,,,,,,,,[]
2026-05-08T13:05:32.877406Z,,,QMI,lte,24214,31001,18567701,1850,10,-82.9,-10.7,-52.3,,,,,,,,,[]
2026-05-08T13:05:43.503073Z,,,QMI,lte,24214,31001,18567701,1850,10,-91.6,-13.2,-58.5,,,,,,,,,[]
2026-05-08T13:05:54.098326Z,,,QMI,lte,24214,31001,18567691,1850,9,-84.5,-11.4,-52.8,,,,,,,,,[]
2026-05-08T13:06:04.690052Z,,,QMI,lte,24214,31001,18567691,1850,9,-64.6,-10.7,-34.0,,,,,,,,,[]
2026-05-08T13:06:15.286699Z,,,QMI,lte,24214,31001,18567691,1850,9,-97.8,-15.6,-61.9,,,,,,,,,[]
2026-05-08T13:06:25.876343Z,,,QMI,lte,24214,31001,18567691,1850,9,-96.4,-16.0,-60.4,,,,,,,,,[]
2026-05-08T13:06:36.469491Z,,,QMI,lte,24214,31001,9354271,1850,81,-87.4,-10.2,-57.3,,,,,,,,,[]
2026-05-08T13:06:47.063211Z,,,QMI,lte,24214,31001,9354271,1850,81,-99.7,-19.9,-59.9,,,,,,,,,[]
2026-05-08T13:06:57.657558Z,,,QMI,lte,24214,31001,9354271,1850,81,-95.2,-15.6,-58.4,,,,,,,,,[]
2026-05-08T13:07:38.992710Z,,,QMI,lte,24214,31001,9354278,6200,81,-85.7,-11.4,-56.6,,,,,,,,,[]
2026-05-08T13:07:50.353817Z,,,QMI,lte,24214,31001,9354271,1850,81,-103.7,-20.0,-62.9,,,,,,,,,[]
2026-05-08T13:08:01.326934Z,,,QMI,lte,24214,31001,9354271,1850,81,-97.9,-14.7,-63.3,,,,,,,,,[]
2026-05-08T13:08:17.180434Z,,,QMI,lte,24214,31001,9354271,1850,81,-95.0,-12.3,-62.7,,,,,,,,,[]
2026-05-08T13:08:33.107586Z,,,QMI,lte,24214,31001,9354271,1850,81,-110.8,-20.0,-65.7,,,,,,,,,[]
2026-05-08T13:09:03.913205Z,,,QMI,lte,24214,31001,9354277,9460,81,-99.1,-14.7,-66.3,,,,,,,,,[]
2026-05-08T13:09:14.794462Z,,,QMI,lte,24214,31001,9354277,9460,81,-101.3,-18.9,-65.2,,,,,,,,,[]
2026-05-08T13:09:25.629317Z,,,QMI,lte,24214,31001,9354277,9460,81,-101.6,-18.9,-65.5,,,,,,,,,[]
2026-05-08T13:09:36.571834Z,,,QMI,lte,24214,31001,9354277,9460,81,-106.0,-19.9,-68.1,,,,,,,,,[]
2026-05-08T13:09:47.415487Z,,,QMI,lte,24214,31001,9354277,9460,81,-100.2,-17.4,-65.9,,,,,,,,,[]
2026-05-08T13:09:58.272837Z,,,QMI,lte,24214,31001,9354277,9460,81,-105.9,-20.0,-67.9,,,,,,,,,[]
2026-05-08T13:10:29.115220Z,,,QMI,lte,24201,33158,52506888,6400,500,-101.2,-19.5,-63.8,,,,,,,,,"[{""earfcn"":""300"",""pci"":""158"",""rsrp"":""-108.2"",""rsrq"":""-20.0"",""rssi"":""-76.4""},{""earfcn"":""300"",""pci"":""170"",""rsrp"":""-105.8"",""rsrq"":""-17.7"",""rssi"":""-76.4""},{""earfcn"":""3150"",""pci"":""287"",""rsrp"":""-107.4"",""rsrq"":""-19.6"",""rssi"":""-78.6""},{""earfcn"":""3348"",""pci"":""347"",""rsrp"":""-109.8"",""rsrq"":""-20.0"",""rssi"":""-79.1""},{""earfcn"":""3348"",""pci"":""353"",""rsrp"":""-110.9"",""rsrq"":""-20.0"",""rssi"":""-79.2""}]"
2026-05-08T13:10:34.776215Z,,,QMI,lte,24201,33158,52506888,6400,500,-91.9,-13.5,-61.5,,,,,,,,,"[{""earfcn"":""300"",""pci"":""158"",""rsrp"":""-106.4"",""rsrq"":""-19.9"",""rssi"":""-77.3""},{""earfcn"":""300"",""pci"":""170"",""rsrp"":""-108.8"",""rsrq"":""-15.9"",""rssi"":""-77.5""},{""earfcn"":""300"",""pci"":""138"",""rsrp"":""-108.6"",""rsrq"":""-18.3"",""rssi"":""-78.1""},{""earfcn"":""3150"",""pci"":""287"",""rsrp"":""-110.6"",""rsrq"":""-20.0"",""rssi"":""-78.4""},{""earfcn"":""3150"",""pci"":""415"",""rsrp"":""-108.2"",""rsrq"":""-20.0"",""rssi"":""-78.1""},{""earfcn"":""3348"",""pci"":""353"",""rsrp"":""-107.9"",""rsrq"":""-19.5"",""rssi"":""-79.0""},{""earfcn"":""3348"",""pci"":""347"",""rsrp"":""-108.1"",""rsrq"":""-19.7"",""rssi"":""-79.2""}]"
2026-05-08T13:10:40.375294Z,,,QMI,lte,24201,33158,52506888,6400,500,-88.6,-12.2,-59.2,,,,,,,,,[]
2026-05-08T13:10:45.948128Z,,,QMI,lte,24201,33158,52506888,6400,500,-87.6,-12.5,-58.6,,,,,,,,,[]
2026-05-08T13:10:52.506952Z,,,QMI,lte,24201,33158,52506888,6400,500,-86.5,-12.1,-57.7,,,,,,,,,[]
2026-05-08T13:10:58.074838Z,,,QMI,lte,24201,33158,52506888,6400,500,-93.7,-15.9,-61.0,,,,,,,,,[]
2026-05-08T13:11:03.650171Z,,,QMI,lte,24201,33158,52506888,6400,500,-92.0,-14.6,-60.3,,,,,,,,,[]
2026-05-08T13:11:09.244053Z,,,QMI,lte,24201,33158,52506888,6400,500,-90.0,-13.1,-59.1,,,,,,,,,[]
2026-05-08T13:11:14.877481Z,,,QMI,lte,24201,33158,52506888,6400,500,-96.8,-18.3,-59.5,,,,,,,,,[]
2026-05-08T13:11:20.603301Z,,,QMI,lte,24201,33159,52530951,6400,120,-95.1,-15.2,-62.7,,,,,,,,,"[{""earfcn"":""300"",""pci"":""170"",""rsrp"":""-101.2"",""rsrq"":""-12.5"",""rssi"":""-76.7""},{""earfcn"":""3150"",""pci"":""415"",""rsrp"":""-107.5"",""rsrq"":""-19.5"",""rssi"":""-80.3""},{""earfcn"":""3348"",""pci"":""353"",""rsrp"":""-104.5"",""rsrq"":""-17.6"",""rssi"":""-79.2""},{""earfcn"":""3348"",""pci"":""347"",""rsrp"":""-109.9"",""rsrq"":""-20.0"",""rssi"":""-79.3""}]"
2026-05-08T13:11:26.224312Z,,,QMI,lte,24201,33159,52530951,6400,120,-92.1,-13.9,-61.0,,,,,,,,,"[{""earfcn"":""300"",""pci"":""170"",""rsrp"":""-101.2"",""rsrq"":""-12.5"",""rssi"":""-76.7""},{""earfcn"":""3150"",""pci"":""415"",""rsrp"":""-107.5"",""rsrq"":""-19.5"",""rssi"":""-80.3""},{""earfcn"":""3348"",""pci"":""353"",""rsrp"":""-104.5"",""rsrq"":""-17.6"",""rssi"":""-79.2""},{""earfcn"":""3348"",""pci"":""347"",""rsrp"":""-109.9"",""rsrq"":""-20.0"",""rssi"":""-79.3""}]"
2026-05-08T13:11:31.807665Z,,,QMI,lte,24201,33159,52530951,6400,120,-104.0,-20.0,-63.5,,,,,,,,,"[{""earfcn"":""300"",""pci"":""170"",""rsrp"":""-101.2"",""rsrq"":""-12.5"",""rssi"":""-76.7""},{""earfcn"":""3150"",""pci"":""415"",""rsrp"":""-107.5"",""rsrq"":""-19.5"",""rssi"":""-80.3""},{""earfcn"":""3348"",""pci"":""353"",""rsrp"":""-104.5"",""rsrq"":""-17.6"",""rssi"":""-79.2""},{""earfcn"":""3348"",""pci"":""347"",""rsrp"":""-109.9"",""rsrq"":""-20.0"",""rssi"":""-79.3""}]"
2026-05-08T13:11:37.375204Z,,,QMI,lte,24201,33158,52506888,6400,500,-92.7,-13.7,-61.9,,,,,,,,,"[{""earfcn"":""300"",""pci"":""170"",""rsrp"":""-101.2"",""rsrq"":""-12.5"",""rssi"":""-76.7""},{""earfcn"":""3150"",""pci"":""415"",""rsrp"":""-107.5"",""rsrq"":""-19.5"",""rssi"":""-80.3""},{""earfcn"":""3348"",""pci"":""353"",""rsrp"":""-104.5"",""rsrq"":""-17.6"",""rssi"":""-79.2""},{""earfcn"":""3348"",""pci"":""347"",""rsrp"":""-109.9"",""rsrq"":""-20.0"",""rssi"":""-79.3""}]"
2026-05-08T13:11:42.943887Z,,,QMI,lte,24201,33158,52506888,6400,500,-88.7,-11.8,-59.2,,,,,,,,,"[{""earfcn"":""300"",""pci"":""170"",""rsrp"":""-101.2"",""rsrq"":""-12.5"",""rssi"":""-76.7""},{""earfcn"":""3150"",""pci"":""415"",""rsrp"":""-107.5"",""rsrq"":""-19.5"",""rssi"":""-80.3""},{""earfcn"":""3348"",""pci"":""353"",""rsrp"":""-104.5"",""rsrq"":""-17.6"",""rssi"":""-79.2""},{""earfcn"":""3348"",""pci"":""347"",""rsrp"":""-109.9"",""rsrq"":""-20.0"",""rssi"":""-79.3""}]"
2026-05-08T13:11:48.512658Z,,,QMI,lte,24201,33158,52506888,6400,500,-82.1,-9.8,-55.0,,,,,,,,,"[{""earfcn"":""300"",""pci"":""170"",""rsrp"":""-101.2"",""rsrq"":""-12.5"",""rssi"":""-76.7""},{""earfcn"":""3150"",""pci"":""415"",""rsrp"":""-107.5"",""rsrq"":""-19.5"",""rssi"":""-80.3""},{""earfcn"":""3348"",""pci"":""353"",""rsrp"":""-104.5"",""rsrq"":""-17.6"",""rssi"":""-79.2""},{""earfcn"":""3348"",""pci"":""347"",""rsrp"":""-109.9"",""rsrq"":""-20.0"",""rssi"":""-79.3""}]"
2026-05-08T13:11:54.080577Z,,,QMI,lte,24201,33158,52506888,6400,500,-80.4,-7.9,-54.5,,,,,,,,,"[{""earfcn"":""300"",""pci"":""170"",""rsrp"":""-101.2"",""rsrq"":""-12.5"",""rssi"":""-76.7""},{""earfcn"":""3150"",""pci"":""415"",""rsrp"":""-107.5"",""rsrq"":""-19.5"",""rssi"":""-80.3""},{""earfcn"":""3348"",""pci"":""353"",""rsrp"":""-104.5"",""rsrq"":""-17.6"",""rssi"":""-79.2""},{""earfcn"":""3348"",""pci"":""347"",""rsrp"":""-109.9"",""rsrq"":""-20.0"",""rssi"":""-79.3""}]"
2026-05-08T13:11:59.649029Z,,,QMI,lte,24201,33158,52506888,6400,500,-83.0,-11.2,-54.8,,,,,,,,,"[{""earfcn"":""300"",""pci"":""170"",""rsrp"":""-101.2"",""rsrq"":""-12.5"",""rssi"":""-76.7""},{""earfcn"":""3150"",""pci"":""415"",""rsrp"":""-107.5"",""rsrq"":""-19.5"",""rssi"":""-80.3""},{""earfcn"":""3348"",""pci"":""353"",""rsrp"":""-104.5"",""rsrq"":""-17.6"",""rssi"":""-79.2""},{""earfcn"":""3348"",""pci"":""347"",""rsrp"":""-109.9"",""rsrq"":""-20.0"",""rssi"":""-79.3""}]"
2026-05-08T13:12:05.216899Z,,,QMI,lte,24201,33158,52506888,6400,500,-83.0,-11.0,-55.3,,,,,,,,,"[{""earfcn"":""300"",""pci"":""170"",""rsrp"":""-101.2"",""rsrq"":""-12.5"",""rssi"":""-76.7""},{""earfcn"":""3150"",""pci"":""415"",""rsrp"":""-107.5"",""rsrq"":""-19.5"",""rssi"":""-80.3""},{""earfcn"":""3348"",""pci"":""353"",""rsrp"":""-104.5"",""rsrq"":""-17.6"",""rssi"":""-79.2""},{""earfcn"":""3348"",""pci"":""347"",""rsrp"":""-109.9"",""rsrq"":""-20.0"",""rssi"":""-79.3""}]"
2026-05-08T13:12:10.788041Z,,,QMI,lte,24201,33158,52506888,6400,500,-96.0,-15.5,-62.9,,,,,,,,,"[{""earfcn"":""300"",""pci"":""170"",""rsrp"":""-101.2"",""rsrq"":""-12.5"",""rssi"":""-76.7""},{""earfcn"":""3150"",""pci"":""415"",""rsrp"":""-107.5"",""rsrq"":""-19.5"",""rssi"":""-80.3""},{""earfcn"":""3348"",""pci"":""353"",""rsrp"":""-104.5"",""rsrq"":""-17.6"",""rssi"":""-79.2""},{""earfcn"":""3348"",""pci"":""347"",""rsrp"":""-109.9"",""rsrq"":""-20.0"",""rssi"":""-79.3""}]"
2026-05-08T13:12:16.354476Z,,,QMI,lte,24201,33158,52506888,6400,500,-87.3,-10.0,-59.9,,,,,,,,,"[{""earfcn"":""300"",""pci"":""170"",""rsrp"":""-101.2"",""rsrq"":""-12.5"",""rssi"":""-76.7""},{""earfcn"":""3150"",""pci"":""415"",""rsrp"":""-107.5"",""rsrq"":""-19.5"",""rssi"":""-80.3""},{""earfcn"":""3348"",""pci"":""353"",""rsrp"":""-104.5"",""rsrq"":""-17.6"",""rssi"":""-79.2""},{""earfcn"":""3348"",""pci"":""347"",""rsrp"":""-109.9"",""rsrq"":""-20.0"",""rssi"":""-79.3""}]"
2026-05-08T13:12:21.927397Z,,,QMI,lte,24201,33158,52506888,6400,500,-83.3,-10.1,-54.9,,,,,,,,,"[{""earfcn"":""300"",""pci"":""170"",""rsrp"":""-101.2"",""rsrq"":""-12.5"",""rssi"":""-76.7""},{""earfcn"":""3150"",""pci"":""415"",""rsrp"":""-107.5"",""rsrq"":""-19.5"",""rssi"":""-80.3""},{""earfcn"":""3348"",""pci"":""353"",""rsrp"":""-104.5"",""rsrq"":""-17.6"",""rssi"":""-79.2""},{""earfcn"":""3348"",""pci"":""347"",""rsrp"":""-109.9"",""rsrq"":""-20.0"",""rssi"":""-79.3""}]"
2026-05-08T13:12:27.493305Z,,,QMI,lte,24201,33158,52506888,6400,500,-92.9,-13.9,-62.4,,,,,,,,,"[{""earfcn"":""300"",""pci"":""170"",""rsrp"":""-101.2"",""rsrq"":""-12.5"",""rssi"":""-76.7""},{""earfcn"":""3150"",""pci"":""415"",""rsrp"":""-107.5"",""rsrq"":""-19.5"",""rssi"":""-80.3""},{""earfcn"":""3348"",""pci"":""353"",""rsrp"":""-104.5"",""rsrq"":""-17.6"",""rssi"":""-79.2""},{""earfcn"":""3348"",""pci"":""347"",""rsrp"":""-109.9"",""rsrq"":""-20.0"",""rssi"":""-79.3""}]"
2026-05-08T13:12:33.071434Z,,,QMI,lte,24201,33158,52506888,6400,500,-89.5,-11.4,-62.0,,,,,,,,,"[{""earfcn"":""300"",""pci"":""170"",""rsrp"":""-101.2"",""rsrq"":""-12.5"",""rssi"":""-76.7""},{""earfcn"":""3150"",""pci"":""415"",""rsrp"":""-107.5"",""rsrq"":""-19.5"",""rssi"":""-80.3""},{""earfcn"":""3348"",""pci"":""353"",""rsrp"":""-104.5"",""rsrq"":""-17.6"",""rssi"":""-79.2""},{""earfcn"":""3348"",""pci"":""347"",""rsrp"":""-109.9"",""rsrq"":""-20.0"",""rssi"":""-79.3""}]"
2026-05-08T13:12:38.661944Z,,,QMI,lte,24201,33158,52506888,6400,500,-88.5,-11.2,-59.4,,,,,,,,,"[{""earfcn"":""300"",""pci"":""170"",""rsrp"":""-101.2"",""rsrq"":""-12.5"",""rssi"":""-76.7""},{""earfcn"":""3150"",""pci"":""415"",""rsrp"":""-107.5"",""rsrq"":""-19.5"",""rssi"":""-80.3""},{""earfcn"":""3348"",""pci"":""353"",""rsrp"":""-104.5"",""rsrq"":""-17.6"",""rssi"":""-79.2""},{""earfcn"":""3348"",""pci"":""347"",""rsrp"":""-109.9"",""rsrq"":""-20.0"",""rssi"":""-79.3""}]"
2026-05-08T13:12:44.231785Z,,,QMI,lte,24201,33158,52506885,1450,500,-93.0,-12.8,-56.1,,,,,,,,,"[{""earfcn"":""1306"",""pci"":""131"",""rsrp"":""-95.2"",""rsrq"":""-9.7"",""rssi"":""-76.6""},{""earfcn"":""300"",""pci"":""158"",""rsrp"":""-99.1"",""rsrq"":""-12.0"",""rssi"":""-61.4""},{""earfcn"":""300"",""pci"":""170"",""rsrp"":""-102.5"",""rsrq"":""-17.3"",""rssi"":""-76.3""},{""earfcn"":""3150"",""pci"":""287"",""rsrp"":""-110.5"",""rsrq"":""-15.6"",""rssi"":""-78.2""}]"
2026-05-08T13:12:50.045710Z,,,QMI,nsa,24201,33158,52506885,1450,500,-96.4,-15.4,-63.9,,,,643296,,,,,"[{""earfcn"":""1306"",""pci"":""131"",""rsrp"":""-94.6"",""rsrq"":""-12.0"",""rssi"":""-73.5""},{""earfcn"":""1306"",""pci"":""39"",""rsrp"":""-102.1"",""rsrq"":""-18.9"",""rssi"":""-73.3""},{""earfcn"":""1306"",""pci"":""353"",""rsrp"":""-105.0"",""rsrq"":""-20.0"",""rssi"":""-74.7""},{""earfcn"":""3150"",""pci"":""287"",""rsrp"":""-108.7"",""rsrq"":""-12.9"",""rssi"":""-78.5""},{""earfcn"":""3150"",""pci"":""415"",""rsrp"":""-108.7"",""rsrq"":""-15.7"",""rssi"":""-78.6""},{""earfcn"":""3348"",""pci"":""347"",""rsrp"":""-108.7"",""rsrq"":""-12.0"",""rssi"":""-79.0""},{""earfcn"":""3348"",""pci"":""353"",""rsrp"":""-108.5"",""rsrq"":""-16.4"",""rssi"":""-78.7""}]"
2026-05-08T13:12:55.650895Z,,,QMI,lte,24201,33158,52506885,1450,500,-93.7,-14.0,-59.8,,,,,,,,,[]
2026-05-08T13:13:01.275167Z,,,QMI,lte,24201,33158,52506885,1450,500,-99.1,-16.0,-63.2,,,,,,,,,[]
2026-05-08T13:13:06.967792Z,,,QMI,lte,24201,33158,52506885,1450,500,-100.5,-18.6,-61.8,,,,,,,,,[]
2026-05-08T13:13:12.631734Z,,,QMI,lte,24214,31001,9446438,6200,464,-99.4,-15.7,-65.3,,,,,,,,,[]
2026-05-08T13:13:19.675902Z,,,QMI,lte,24214,31001,9446431,1850,464,-105.2,-20.0,-63.2,,,,,,,,,[]
2026-05-08T13:13:25.306633Z,,,QMI,lte,24214,31001,9446431,1850,464,-103.2,-18.5,-64.7,,,,,,,,,[]
2026-05-08T13:13:30.941800Z,,,QMI,lte,24214,31001,9446431,1850,464,-99.6,-14.1,-65.6,,,,,,,,,[]
2026-05-08T13:13:36.569730Z,,,QMI,lte,24214,31001,9446431,1850,464,-100.7,-14.8,-65.6,,,,,,,,,[]
2026-05-08T13:13:42.140828Z,,,QMI,lte,24214,31001,9446431,1850,464,-104.3,-18.0,-65.7,,,,,,,,,[]
2026-05-08T13:13:47.733336Z,,,QMI,lte,24214,31001,9446431,1850,464,-103.5,-17.7,-65.7,,,,,,,,,[]
2026-05-08T13:13:53.302098Z,,,QMI,lte,24214,31001,9446431,1850,464,-107.4,-20.0,-65.3,,,,,,,,,[]
2026-05-08T13:13:58.868170Z,,,QMI,lte,24214,31001,9446431,1850,464,-104.0,-18.4,-65.5,,,,,,,,,[]
2026-05-08T13:14:04.439015Z,,,QMI,lte,24214,31001,9446431,1850,464,-106.3,-20.0,-65.8,,,,,,,,,[]
2026-05-08T13:14:10.067401Z,,,QMI,lte,24214,31001,9446437,9460,464,-101.3,-17.5,-66.6,,,,,,,,,[]
2026-05-08T13:14:15.725827Z,,,QMI,lte,24214,31001,9474581,1850,418,-108.6,-20.0,-65.6,,,,,,,,,[]
2026-05-08T13:14:21.356770Z,,,QMI,lte,24214,31001,9446431,1850,464,-103.4,-18.4,-65.0,,,,,,,,,[]
2026-05-08T13:14:26.980039Z,,,QMI,lte,24214,31001,9446431,1850,464,-109.0,-20.0,-65.8,,,,,,,,,[]
2026-05-08T13:14:32.599170Z,,,QMI,lte,24214,31001,9446437,9460,464,-100.7,-17.0,-66.7,,,,,,,,,[]
2026-05-08T13:14:38.257393Z,,,QMI,lte,24214,31001,9446437,9460,464,-108.8,-20.0,-66.6,,,,,,,,,[]
2026-05-08T13:14:43.911391Z,,,QMI,lte,24214,31001,12477457,9460,154,-99.0,-16.2,-66.0,,,,,,,,,[]
2026-05-08T13:14:49.545806Z,,,QMI,lte,24214,31001,4029467,9460,313,-97.4,-13.4,-67.0,,,,,,,,,[]
2026-05-08T13:14:55.200895Z,,,QMI,lte,24214,31001,4029467,9460,313,-108.0,-20.0,-66.6,,,,,,,,,[]
2026-05-08T13:15:00.865167Z,,,QMI,lte,24201,33158,52800512,6400,348,-98.5,-17.6,-63.7,,,,,,,,,[]
2026-05-08T13:25:12.160483Z,,,QMI,lte,24201,33158,53129221,300,189,-99.4,-12.1,-64.6,,,,,,,,,"[{""earfcn"":""1306"",""pci"":""394"",""rsrp"":""-100.1"",""rsrq"":""-13.7"",""rssi"":""-77.4""},{""earfcn"":""1306"",""pci"":""193"",""rsrp"":""-103.9"",""rsrq"":""-17.6"",""rssi"":""-77.4""},{""earfcn"":""3348"",""pci"":""274"",""rsrp"":""-105.7"",""rsrq"":""-16.5"",""rssi"":""-79.5""},{""earfcn"":""3150"",""pci"":""173"",""rsrp"":""-106.2"",""rsrq"":""-15.2"",""rssi"":""-79.1""}]"
2026-05-08T13:25:19.540058Z,,,QMI,lte,24201,33158,53129221,300,189,-103.7,-16.4,-66.8,,,,,,,,,"[{""earfcn"":""1306"",""pci"":""394"",""rsrp"":""-104.2"",""rsrq"":""-16.9"",""rssi"":""-78.3""},{""earfcn"":""3348"",""pci"":""274"",""rsrp"":""-108.2"",""rsrq"":""-17.3"",""rssi"":""-79.9""},{""earfcn"":""3150"",""pci"":""173"",""rsrp"":""-111.9"",""rsrq"":""-20.0"",""rssi"":""-79.6""}]"
2026-05-08T13:25:25.147945Z,,,QMI,nsa,24201,33158,53129221,300,189,-98.9,-12.6,-65.0,,,,152690,,,,,"[{""earfcn"":""3150"",""pci"":""173"",""rsrp"":""-108.5"",""rsrq"":""-12.2"",""rssi"":""-87.2""},{""earfcn"":""3348"",""pci"":""274"",""rsrp"":""-109.1"",""rsrq"":""-12.3"",""rssi"":""-87.8""}]"
2026-05-08T13:25:31.251625Z,,,QMI,nsa,24201,33158,53129221,300,189,-101.0,-15.1,-65.1,,,,152690,,,,,"[{""earfcn"":""3150"",""pci"":""173"",""rsrp"":""-109.4"",""rsrq"":""-13.3"",""rssi"":""-87.3""},{""earfcn"":""3348"",""pci"":""274"",""rsrp"":""-112.5"",""rsrq"":""-15.3"",""rssi"":""-88.1""}]"
2026-05-08T13:25:36.851610Z,,,QMI,nsa,24201,33158,53129221,300,189,-103.8,-17.9,-65.0,,,,152690,,,,,"[{""earfcn"":""3150"",""pci"":""173"",""rsrp"":""-116.1"",""rsrq"":""-18.2"",""rssi"":""-88.9""},{""earfcn"":""3348"",""pci"":""274"",""rsrp"":""-115.4"",""rsrq"":""-17.2"",""rssi"":""-88.9""}]"
2026-05-08T13:25:42.452339Z,,,QMI,nsa,24201,33158,53129221,300,189,-106.5,-20.0,-64.9,,,,152690,,,,,"[{""earfcn"":""3150"",""pci"":""173"",""rsrp"":""-119.2"",""rsrq"":""-19.9"",""rssi"":""-88.6""},{""earfcn"":""3348"",""pci"":""274"",""rsrp"":""-118.2"",""rsrq"":""-20.0"",""rssi"":""-88.7""}]"
2026-05-08T13:25:48.051230Z,,,QMI,nsa,24201,33158,53129221,300,189,-110.7,-20.0,-65.7,,,,152690,,,,,"[{""earfcn"":""3150"",""pci"":""173"",""rsrp"":""-120.3"",""rsrq"":""-20.0"",""rssi"":""-89.0""},{""earfcn"":""3348"",""pci"":""274"",""rsrp"":""-117.5"",""rsrq"":""-18.5"",""rssi"":""-88.5""}]"
2026-05-08T13:25:53.619614Z,,,QMI,nsa,24201,33158,53129221,300,189,-96.4,-11.8,-63.9,,,,152690,,,,,"[{""earfcn"":""3150"",""pci"":""173"",""rsrp"":""-109.6"",""rsrq"":""-13.2"",""rssi"":""-87.5""},{""earfcn"":""3348"",""pci"":""274"",""rsrp"":""-112.2"",""rsrq"":""-13.2"",""rssi"":""-88.3""}]"
2026-05-08T13:25:59.225647Z,,,QMI,nsa,24201,33158,53129221,300,189,-95.8,-12.8,-63.0,,,,152690,,,,,"[{""earfcn"":""3150"",""pci"":""173"",""rsrp"":""-114.9"",""rsrq"":""-16.2"",""rssi"":""-88.4""},{""earfcn"":""3348"",""pci"":""274"",""rsrp"":""-110.1"",""rsrq"":""-14.2"",""rssi"":""-87.0""}]"
2026-05-08T13:26:09.829401Z,,,QMI,lte,24201,33158,53129221,300,189,-99.0,-12.2,-65.0,,,,,,,,,[]
2026-05-08T13:26:20.500165Z,,,QMI,lte,24201,33158,53129221,300,189,-97.6,-14.8,-62.8,,,,,,,,,[]
2026-05-08T13:26:31.135969Z,,,QMI,lte,24201,33158,53129221,300,189,-101.8,-14.3,-65.2,,,,,,,,,[]
2026-05-08T13:26:41.715264Z,,,QMI,lte,24201,33158,53129221,300,189,-101.8,-16.3,-63.6,,,,,,,,,[]
2026-05-08T13:26:52.310094Z,,,QMI,lte,24201,33158,53129221,300,189,-102.8,-18.6,-64.6,,,,,,,,,[]
2026-05-08T13:27:02.890536Z,,,QMI,lte,24201,33158,53129221,300,189,-100.7,-13.4,-65.0,,,,,,,,,[]
2026-05-08T13:27:13.489076Z,,,QMI,lte,24201,33158,53129221,300,189,-103.2,-19.0,-64.6,,,,,,,,,[]
2026-05-08T13:27:24.077185Z,,,QMI,lte,24214,31001,9546268,6200,448,-91.9,-12.3,-62.6,,,,,,,,,"[{""earfcn"":""1850"",""pci"":""448"",""rsrp"":""-98.3"",""rsrq"":""-14.6"",""rssi"":""-76.1""},{""earfcn"":""1850"",""pci"":""193"",""rsrp"":""-104.8"",""rsrq"":""-19.1"",""rssi"":""-78.4""}]"
2026-05-08T13:27:34.671409Z,,,QMI,lte,24214,31001,9546261,1850,448,-101.6,-15.3,-66.3,,,,,,,,,[]
2026-05-08T13:27:45.268867Z,,,QMI,lte,24214,31001,9546261,1850,448,-102.5,-16.1,-66.1,,,,,,,,,[]
2026-05-08T13:27:55.856170Z,,,QMI,lte,24214,31001,9546261,1850,448,-102.5,-16.4,-66.1,,,,,,,,,[]
2026-05-08T13:28:06.457229Z,,,QMI,lte,24214,31001,9546261,1850,448,-102.9,-18.7,-64.3,,,,,,,,,[]
2026-05-08T13:28:17.046826Z,,,QMI,lte,24214,31001,9546261,1850,448,-100.2,-13.7,-66.2,,,,,,,,,[]
2026-05-08T13:28:27.635684Z,,,QMI,lte,24214,31001,9546261,1850,448,-110.3,-20.0,-66.4,,,,,,,,,[]
2026-05-08T13:28:38.319031Z,,,QMI,lte,24214,31001,9546261,1850,448,-96.4,-12.5,-64.0,,,,,,,,,[]
2026-05-08T13:28:49.039399Z,,,QMI,lte,24214,31001,9546261,1850,448,-97.6,-13.0,-64.6,,,,,,,,,[]
2026-05-08T13:28:59.766398Z,,,QMI,lte,24214,31001,9546261,1850,448,-99.1,-13.2,-65.7,,,,,,,,,[]
2026-05-08T13:29:40.567805Z,,,QMI,lte,24214,31001,9546268,6200,374,-95.1,-17.0,-67.8,,,,,,,,,[]
2026-05-08T13:29:51.139947Z,,,QMI,lte,24214,31001,9546261,1850,448,-102.3,-15.4,-66.3,,,,,,,,,[]
2026-05-08T13:30:01.728225Z,,,QMI,lte,24214,31001,9546261,1850,448,-111.7,-20.0,-66.7,,,,,,,,,[]
2026-05-08T13:30:12.322896Z,,,QMI,lte,24214,31001,9546261,1850,448,-109.9,-20.0,-66.7,,,,,,,,,[]
2026-05-08T13:30:22.912593Z,,,QMI,lte,24214,31001,9546261,1850,448,-110.3,-20.0,-66.7,,,,,,,,,[]
2026-05-08T13:30:33.511558Z,,,QMI,lte,24214,31001,36352018,6200,374,-104.0,-20.0,-64.2,,,,,,,,,"[{""earfcn"":""1850"",""pci"":""193"",""rsrp"":""-107.3"",""rsrq"":""-20.0"",""rssi"":""-77.9""}]"
2026-05-08T13:31:14.156070Z,,,QMI,lte,24201,33158,53129218,6400,130,-96.7,-17.5,-63.0,,,,,,,,,"[{""earfcn"":""300"",""pci"":""189"",""rsrp"":""-105.7"",""rsrq"":""-19.7"",""rssi"":""-76.8""},{""earfcn"":""300"",""pci"":""439"",""rsrp"":""-102.9"",""rsrq"":""-14.2"",""rssi"":""-77.1""},{""earfcn"":""300"",""pci"":""478"",""rsrp"":""-107.3"",""rsrq"":""-17.5"",""rssi"":""-77.6""},{""earfcn"":""3150"",""pci"":""173"",""rsrp"":""-110.3"",""rsrq"":""-16.4"",""rssi"":""-79.4""},{""earfcn"":""3150"",""pci"":""203"",""rsrp"":""-109.8"",""rsrq"":""-17.6"",""rssi"":""-79.8""},{""earfcn"":""3348"",""pci"":""274"",""rsrp"":""-110.1"",""rsrq"":""-20.0"",""rssi"":""-80.1""},{""earfcn"":""3348"",""pci"":""286"",""rsrp"":""-109.4"",""rsrq"":""-17.3"",""rssi"":""-79.9""}]"
2026-05-08T13:31:24.762360Z,,,QMI,lte,24201,33158,52521218,3750,300,-94.9,-20.0,-56.5,,,,,,,,,"[{""earfcn"":""6400"",""pci"":""489"",""rsrp"":""-92.0"",""rsrq"":""-14.2"",""rssi"":""-60.2""},{""earfcn"":""6400"",""pci"":""334"",""rsrp"":""-94.2"",""rsrq"":""-15.9"",""rssi"":""-68.1""},{""earfcn"":""6400"",""pci"":""130"",""rsrp"":""-99.5"",""rsrq"":""-20.0"",""rssi"":""-68.1""},{""earfcn"":""6400"",""pci"":""3"",""rsrp"":""-101.5"",""rsrq"":""-20.0"",""rssi"":""-68.2""}]"
2026-05-08T13:31:35.350351Z,,,QMI,lte,24201,33158,52521218,3750,300,-91.1,-18.0,-56.2,,,,,,,,,"[{""earfcn"":""6400"",""pci"":""489"",""rsrp"":""-92.0"",""rsrq"":""-14.2"",""rssi"":""-60.2""},{""earfcn"":""6400"",""pci"":""334"",""rsrp"":""-94.2"",""rsrq"":""-15.9"",""rssi"":""-68.1""},{""earfcn"":""6400"",""pci"":""130"",""rsrp"":""-99.5"",""rsrq"":""-20.0"",""rssi"":""-68.1""},{""earfcn"":""6400"",""pci"":""3"",""rsrp"":""-101.5"",""rsrq"":""-20.0"",""rssi"":""-68.2""}]"
2026-05-08T13:31:45.903044Z,,,QMI,lte,24201,33158,52521218,3750,300,-91.2,-18.0,-56.0,,,,,,,,,"[{""earfcn"":""6400"",""pci"":""489"",""rsrp"":""-92.0"",""rsrq"":""-14.2"",""rssi"":""-60.2""},{""earfcn"":""6400"",""pci"":""334"",""rsrp"":""-94.2"",""rsrq"":""-15.9"",""rssi"":""-68.1""},{""earfcn"":""6400"",""pci"":""130"",""rsrp"":""-99.5"",""rsrq"":""-20.0"",""rssi"":""-68.1""},{""earfcn"":""6400"",""pci"":""3"",""rsrp"":""-101.5"",""rsrq"":""-20.0"",""rssi"":""-68.2""}]"
2026-05-08T13:31:57.215865Z,,,QMI,lte,24201,33151,52506119,3750,49,-94.4,-19.2,-56.7,,,,,,,,,"[{""earfcn"":""300"",""pci"":""46"",""rsrp"":""-104.2"",""rsrq"":""-17.2"",""rssi"":""-76.2""},{""earfcn"":""300"",""pci"":""189"",""rsrp"":""-105.8"",""rsrq"":""-19.2"",""rssi"":""-76.3""},{""earfcn"":""300"",""pci"":""478"",""rsrp"":""-103.6"",""rsrq"":""-18.4"",""rssi"":""-76.2""},{""earfcn"":""3348"",""pci"":""204"",""rsrp"":""-109.8"",""rsrq"":""-18.6"",""rssi"":""-79.8""}]"
2026-05-08T13:32:04.087895Z,,,QMI,lte,24201,33151,52506119,3750,49,-94.7,-18.8,-56.4,,,,,,,,,"[{""earfcn"":""300"",""pci"":""46"",""rsrp"":""-102.3"",""rsrq"":""-13.0"",""rssi"":""-78.0""},{""earfcn"":""300"",""pci"":""189"",""rsrp"":""-109.5"",""rsrq"":""-20.0"",""rssi"":""-78.3""},{""earfcn"":""300"",""pci"":""478"",""rsrp"":""-104.4"",""rsrq"":""-17.5"",""rssi"":""-78.0""},{""earfcn"":""300"",""pci"":""54"",""rsrp"":""-107.9"",""rsrq"":""-18.7"",""rssi"":""-78.3""},{""earfcn"":""3348"",""pci"":""204"",""rsrp"":""-109.5"",""rsrq"":""-19.2"",""rssi"":""-79.9""}]"
2026-05-08T13:32:09.661825Z,,,QMI,lte,24201,33151,52506119,3750,49,-90.5,-15.2,-56.8,,,,,,,,,"[{""earfcn"":""300"",""pci"":""46"",""rsrp"":""-105.2"",""rsrq"":""-16.2"",""rssi"":""-77.6""},{""earfcn"":""300"",""pci"":""478"",""rsrp"":""-104.4"",""rsrq"":""-16.5"",""rssi"":""-77.6""},{""earfcn"":""3348"",""pci"":""204"",""rsrp"":""-108.1"",""rsrq"":""-19.3"",""rssi"":""-79.8""}]"
2026-05-08T13:32:15.267725Z,,,QMI,lte,24201,33151,52661769,3750,49,-94.0,-20.0,-65.2,,,,,,,,,"[{""earfcn"":""300"",""pci"":""46"",""rsrp"":""-105.5"",""rsrq"":""-18.5"",""rssi"":""-65.2""},{""earfcn"":""300"",""pci"":""478"",""rsrp"":""-103.1"",""rsrq"":""-16.0"",""rssi"":""-78.0""},{""earfcn"":""3150"",""pci"":""493"",""rsrp"":""-116.6"",""rsrq"":""-20.0"",""rssi"":""-80.4""}]"
2026-05-08T13:32:21.003668Z,,,QMI,lte,24201,33151,52506119,3750,49,-92.3,-16.9,-56.7,,,,,,,,,"[{""earfcn"":""300"",""pci"":""46"",""rsrp"":""-106.9"",""rsrq"":""-19.9"",""rssi"":""-77.4""},{""earfcn"":""300"",""pci"":""478"",""rsrp"":""-106.1"",""rsrq"":""-18.3"",""rssi"":""-77.4""},{""earfcn"":""300"",""pci"":""189"",""rsrp"":""-108.7"",""rsrq"":""-20.0"",""rssi"":""-77.9""},{""earfcn"":""3150"",""pci"":""493"",""rsrp"":""-111.7"",""rsrq"":""-17.3"",""rssi"":""-80.4""},{""earfcn"":""3150"",""pci"":""143"",""rsrp"":""-110.8"",""rsrq"":""-19.4"",""rssi"":""-80.0""},{""earfcn"":""3150"",""pci"":""173"",""rsrp"":""-111.3"",""rsrq"":""-19.1"",""rssi"":""-80.5""}]"
2026-05-08T13:32:26.577654Z,,,QMI,lte,24201,33151,52506119,3750,49,-93.0,-19.7,-56.4,,,,,,,,,"[{""earfcn"":""300"",""pci"":""46"",""rsrp"":""-104.0"",""rsrq"":""-18.3"",""rssi"":""-76.3""},{""earfcn"":""300"",""pci"":""478"",""rsrp"":""-107.0"",""rsrq"":""-20.0"",""rssi"":""-76.2""},{""earfcn"":""300"",""pci"":""189"",""rsrp"":""-107.7"",""rsrq"":""-20.0"",""rssi"":""-77.9""},{""earfcn"":""300"",""pci"":""439"",""rsrp"":""-108.3"",""rsrq"":""-18.2"",""rssi"":""-78.0""},{""earfcn"":""3150"",""pci"":""493"",""rsrp"":""-111.5"",""rsrq"":""-18.5"",""rssi"":""-80.5""},{""earfcn"":""3150"",""pci"":""143"",""rsrp"":""-109.7"",""rsrq"":""-20.0"",""rssi"":""-80.5""},{""earfcn"":""3150"",""pci"":""173"",""rsrp"":""-111.1"",""rsrq"":""-19.9"",""rssi"":""-80.6""}]"
2026-05-08T13:32:32.169550Z,,,QMI,lte,24201,33151,52506119,3750,49,-90.1,-17.0,-55.9,,,,,,,,,"[{""earfcn"":""300"",""pci"":""46"",""rsrp"":""-103.2"",""rsrq"":""-13.8"",""rssi"":""-77.9""},{""earfcn"":""300"",""pci"":""478"",""rsrp"":""-102.8"",""rsrq"":""-16.2"",""rssi"":""-77.9""},{""earfcn"":""300"",""pci"":""189"",""rsrp"":""-107.2"",""rsrq"":""-20.0"",""rssi"":""-78.1""},{""earfcn"":""300"",""pci"":""439"",""rsrp"":""-107.8"",""rsrq"":""-20.0"",""rssi"":""-77.1""},{""earfcn"":""3150"",""pci"":""493"",""rsrp"":""-110.1"",""rsrq"":""-20.0"",""rssi"":""-80.5""},{""earfcn"":""3150"",""pci"":""143"",""rsrp"":""-110.4"",""rsrq"":""-20.0"",""rssi"":""-80.0""},{""earfcn"":""3150"",""pci"":""173"",""rsrp"":""-111.9"",""rsrq"":""-17.7"",""rssi"":""-80.6""},{""earfcn"":""3150"",""pci"":""203"",""rsrp"":""-107.7"",""rsrq"":""-18.1"",""rssi"":""-80.6""}]"
2026-05-08T13:32:37.729500Z,,,QMI,lte,24201,33151,52506119,3750,49,-95.8,-20.0,-56.0,,,,,,,,,"[{""earfcn"":""300"",""pci"":""46"",""rsrp"":""-107.1"",""rsrq"":""-17.8"",""rssi"":""-78.2""},{""earfcn"":""300"",""pci"":""478"",""rsrp"":""-106.2"",""rsrq"":""-15.4"",""rssi"":""-78.1""},{""earfcn"":""300"",""pci"":""189"",""rsrp"":""-105.7"",""rsrq"":""-17.1"",""rssi"":""-77.5""},{""earfcn"":""3150"",""pci"":""493"",""rsrp"":""-109.2"",""rsrq"":""-15.4"",""rssi"":""-80.3""},{""earfcn"":""3150"",""pci"":""143"",""rsrp"":""-110.6"",""rsrq"":""-20.0"",""rssi"":""-80.3""},{""earfcn"":""3150"",""pci"":""173"",""rsrp"":""-110.0"",""rsrq"":""-18.6"",""rssi"":""-80.6""},{""earfcn"":""3150"",""pci"":""203"",""rsrp"":""-109.9"",""rsrq"":""-20.0"",""rssi"":""-80.4""}]"
2026-05-08T13:32:43.313501Z,,,QMI,lte,24201,33151,52506119,3750,49,-90.7,-15.2,-56.1,,,,,,,,,"[{""earfcn"":""300"",""pci"":""46"",""rsrp"":""-105.8"",""rsrq"":""-17.2"",""rssi"":""-77.7""},{""earfcn"":""300"",""pci"":""478"",""rsrp"":""-106.0"",""rsrq"":""-17.1"",""rssi"":""-77.6""},{""earfcn"":""300"",""pci"":""189"",""rsrp"":""-105.9"",""rsrq"":""-17.1"",""rssi"":""-77.5""},{""earfcn"":""300"",""pci"":""439"",""rsrp"":""-107.9"",""rsrq"":""-20.0"",""rssi"":""-77.1""},{""earfcn"":""3150"",""pci"":""493"",""rsrp"":""-113.0"",""rsrq"":""-20.0"",""rssi"":""-80.8""},{""earfcn"":""3150"",""pci"":""143"",""rsrp"":""-112.7"",""rsrq"":""-20.0"",""rssi"":""-81.0""},{""earfcn"":""3150"",""pci"":""173"",""rsrp"":""-111.5"",""rsrq"":""-16.9"",""rssi"":""-81.0""},{""earfcn"":""3150"",""pci"":""203"",""rsrp"":""-107.3"",""rsrq"":""-17.3"",""rssi"":""-81.0""}]"
2026-05-08T13:32:49.022251Z,,,QMI,lte,24201,33151,52506119,3750,49,-92.5,-16.8,-55.8,,,,,,,,,"[{""earfcn"":""300"",""pci"":""46"",""rsrp"":""-103.6"",""rsrq"":""-14.7"",""rssi"":""-77.6""},{""earfcn"":""300"",""pci"":""478"",""rsrp"":""-102.7"",""rsrq"":""-16.6"",""rssi"":""-77.6""},{""earfcn"":""300"",""pci"":""189"",""rsrp"":""-105.1"",""rsrq"":""-19.1"",""rssi"":""-77.0""},{""earfcn"":""300"",""pci"":""439"",""rsrp"":""-105.9"",""rsrq"":""-19.8"",""rssi"":""-77.0""},{""earfcn"":""3150"",""pci"":""493"",""rsrp"":""-110.7"",""rsrq"":""-16.2"",""rssi"":""-80.7""},{""earfcn"":""3150"",""pci"":""143"",""rsrp"":""-111.2"",""rsrq"":""-20.0"",""rssi"":""-79.7""},{""earfcn"":""3150"",""pci"":""173"",""rsrp"":""-109.9"",""rsrq"":""-19.5"",""rssi"":""-80.7""},{""earfcn"":""3150"",""pci"":""203"",""rsrp"":""-107.3"",""rsrq"":""-17.3"",""rssi"":""-81.0""}]"
2026-05-08T13:32:55.267292Z,,,QMI,lte,24201,33151,52506119,3750,49,-91.3,-15.8,-55.9,,,,,,,,,"[{""earfcn"":""300"",""pci"":""46"",""rsrp"":""-104.9"",""rsrq"":""-18.2"",""rssi"":""-77.0""},{""earfcn"":""300"",""pci"":""478"",""rsrp"":""-99.6"",""rsrq"":""-13.8"",""rssi"":""-77.0""},{""earfcn"":""300"",""pci"":""439"",""rsrp"":""-106.0"",""rsrq"":""-17.2"",""rssi"":""-77.0""},{""earfcn"":""3150"",""pci"":""493"",""rsrp"":""-108.8"",""rsrq"":""-13.3"",""rssi"":""-80.6""},{""earfcn"":""3150"",""pci"":""143"",""rsrp"":""-109.9"",""rsrq"":""-20.0"",""rssi"":""-80.3""},{""earfcn"":""3150"",""pci"":""203"",""rsrp"":""-110.6"",""rsrq"":""-19.1"",""rssi"":""-80.4""}]"
2026-05-08T13:33:00.953206Z,,,QMI,lte,24201,33151,52506119,3750,49,-89.3,-15.8,-55.7,,,,,,,,,"[{""earfcn"":""300"",""pci"":""46"",""rsrp"":""-100.4"",""rsrq"":""-13.0"",""rssi"":""-76.6""},{""earfcn"":""300"",""pci"":""478"",""rsrp"":""-104.8"",""rsrq"":""-19.0"",""rssi"":""-76.7""},{""earfcn"":""300"",""pci"":""439"",""rsrp"":""-106.2"",""rsrq"":""-19.0"",""rssi"":""-77.7""},{""earfcn"":""3150"",""pci"":""493"",""rsrp"":""-112.7"",""rsrq"":""-17.2"",""rssi"":""-80.5""},{""earfcn"":""3150"",""pci"":""143"",""rsrp"":""-112.6"",""rsrq"":""-18.8"",""rssi"":""-80.7""}]"
2026-05-08T13:33:06.453239Z,,,QMI,lte,24201,33151,52506119,3750,49,-92.4,-18.3,-55.6,,,,,,,,,"[{""earfcn"":""300"",""pci"":""46"",""rsrp"":""-106.5"",""rsrq"":""-16.1"",""rssi"":""-78.5""},{""earfcn"":""300"",""pci"":""478"",""rsrp"":""-108.5"",""rsrq"":""-18.2"",""rssi"":""-78.5""},{""earfcn"":""300"",""pci"":""439"",""rsrp"":""-108.6"",""rsrq"":""-20.0"",""rssi"":""-76.8""},{""earfcn"":""3150"",""pci"":""493"",""rsrp"":""-110.4"",""rsrq"":""-16.9"",""rssi"":""-81.0""},{""earfcn"":""3150"",""pci"":""143"",""rsrp"":""-112.4"",""rsrq"":""-18.2"",""rssi"":""-81.0""}]"
2026-05-08T13:33:12.069133Z,,,QMI,lte,24201,33151,52506119,3750,49,-90.2,-15.5,-55.4,,,,,,,,,"[{""earfcn"":""300"",""pci"":""46"",""rsrp"":""-105.2"",""rsrq"":""-15.2"",""rssi"":""-77.9""},{""earfcn"":""300"",""pci"":""478"",""rsrp"":""-106.0"",""rsrq"":""-16.9"",""rssi"":""-78.0""},{""earfcn"":""300"",""pci"":""439"",""rsrp"":""-109.0"",""rsrq"":""-20.0"",""rssi"":""-77.9""},{""earfcn"":""3150"",""pci"":""493"",""rsrp"":""-111.7"",""rsrq"":""-17.7"",""rssi"":""-80.6""},{""earfcn"":""3150"",""pci"":""143"",""rsrp"":""-111.9"",""rsrq"":""-15.2"",""rssi"":""-80.5""}]"
2026-05-08T13:33:18.301691Z,,,QMI,lte,24201,33151,52506119,3750,49,-87.3,-15.4,-55.1,,,,,,,,,"[{""earfcn"":""300"",""pci"":""46"",""rsrp"":""-99.6"",""rsrq"":""-14.7"",""rssi"":""-75.5""},{""earfcn"":""300"",""pci"":""478"",""rsrp"":""-106.2"",""rsrq"":""-20.0"",""rssi"":""-75.5""},{""earfcn"":""300"",""pci"":""439"",""rsrp"":""-105.8"",""rsrq"":""-19.5"",""rssi"":""-77.4""},{""earfcn"":""3150"",""pci"":""493"",""rsrp"":""-111.3"",""rsrq"":""-16.5"",""rssi"":""-80.2""},{""earfcn"":""3150"",""pci"":""143"",""rsrp"":""-109.7"",""rsrq"":""-17.5"",""rssi"":""-80.3""}]"
2026-05-08T13:33:24.388993Z,,,QMI,lte,24201,33151,52661769,3750,49,-88.5,-15.7,-63.4,,,,,,,,,"[{""earfcn"":""300"",""pci"":""46"",""rsrp"":""-101.3"",""rsrq"":""-14.5"",""rssi"":""-75.0""},{""earfcn"":""300"",""pci"":""478"",""rsrp"":""-100.3"",""rsrq"":""-13.6"",""rssi"":""-74.9""},{""earfcn"":""300"",""pci"":""439"",""rsrp"":""-105.8"",""rsrq"":""-19.0"",""rssi"":""-74.8""},{""earfcn"":""3150"",""pci"":""493"",""rsrp"":""-109.4"",""rsrq"":""-17.0"",""rssi"":""-79.9""},{""earfcn"":""3150"",""pci"":""143"",""rsrp"":""-108.1"",""rsrq"":""-18.9"",""rssi"":""-79.9""},{""earfcn"":""3348"",""pci"":""204"",""rsrp"":""-106.8"",""rsrq"":""-16.8"",""rssi"":""-79.9""}]"
2026-05-08T13:33:29.873052Z,,,QMI,lte,24201,33151,52661769,3750,49,-91.5,-17.6,-63.2,,,,,,,,,"[{""earfcn"":""300"",""pci"":""46"",""rsrp"":""-103.6"",""rsrq"":""-18.7"",""rssi"":""-75.9""},{""earfcn"":""300"",""pci"":""478"",""rsrp"":""-103.1"",""rsrq"":""-17.1"",""rssi"":""-76.9""},{""earfcn"":""300"",""pci"":""277"",""rsrp"":""-105.2"",""rsrq"":""-18.0"",""rssi"":""-76.0""},{""earfcn"":""300"",""pci"":""278"",""rsrp"":""-106.6"",""rsrq"":""-20.0"",""rssi"":""-76.6""},{""earfcn"":""3150"",""pci"":""493"",""rsrp"":""-108.9"",""rsrq"":""-14.0"",""rssi"":""-79.5""},{""earfcn"":""3150"",""pci"":""143"",""rsrp"":""-109.7"",""rsrq"":""-20.0"",""rssi"":""-80.1""}]"
2026-05-08T13:33:35.380959Z,,,QMI,lte,24201,33151,52661769,3750,49,-91.9,-18.3,-63.2,,,,,,,,,"[{""earfcn"":""300"",""pci"":""46"",""rsrp"":""-100.5"",""rsrq"":""-15.5"",""rssi"":""-76.3""},{""earfcn"":""300"",""pci"":""478"",""rsrp"":""-105.0"",""rsrq"":""-19.5"",""rssi"":""-76.9""},{""earfcn"":""300"",""pci"":""277"",""rsrp"":""-105.4"",""rsrq"":""-17.3"",""rssi"":""-77.5""},{""earfcn"":""300"",""pci"":""278"",""rsrp"":""-107.9"",""rsrq"":""-19.7"",""rssi"":""-77.5""},{""earfcn"":""3150"",""pci"":""493"",""rsrp"":""-108.8"",""rsrq"":""-15.8"",""rssi"":""-80.7""},{""earfcn"":""3150"",""pci"":""143"",""rsrp"":""-112.3"",""rsrq"":""-17.2"",""rssi"":""-80.9""}]"
2026-05-08T13:33:40.872929Z,,,QMI,nsa,24201,33151,52661769,3750,130,-88.6,-14.1,-55.9,,,,643296,,,,,"[{""earfcn"":""1306"",""pci"":""173"",""rsrp"":""-102.3"",""rsrq"":""-18.3"",""rssi"":""-65.5""},{""earfcn"":""1450"",""pci"":""424"",""rsrp"":""-101.3"",""rsrq"":""-18.9"",""rssi"":""-59.1""},{""earfcn"":""1450"",""pci"":""51"",""rsrp"":""-104.2"",""rsrq"":""-19.0"",""rssi"":""-75.0""},{""earfcn"":""1450"",""pci"":""90"",""rsrp"":""-106.7"",""rsrq"":""-19.5"",""rssi"":""-76.8""}]"
2026-05-08T13:34:16.387689Z,,,QMI,lte,24201,33151,52661761,6400,3,-86.1,-9.9,-60.1,,,,,,,,,"[{""earfcn"":""3150"",""pci"":""493"",""rsrp"":""-106.9"",""rsrq"":""-11.9"",""rssi"":""-86.0""},{""earfcn"":""3150"",""pci"":""173"",""rsrp"":""-110.8"",""rsrq"":""-19.8"",""rssi"":""-81.1""},{""earfcn"":""3150"",""pci"":""143"",""rsrp"":""-111.0"",""rsrq"":""-16.8"",""rssi"":""-85.3""},{""earfcn"":""300"",""pci"":""46"",""rsrp"":""-103.2"",""rsrq"":""-16.6"",""rssi"":""-77.5""},{""earfcn"":""300"",""pci"":""478"",""rsrp"":""-102.7"",""rsrq"":""-16.3"",""rssi"":""-77.5""},{""earfcn"":""300"",""pci"":""439"",""rsrp"":""-104.1"",""rsrq"":""-16.6"",""rssi"":""-77.2""}]"
2026-05-08T13:34:26.986212Z,,,QMI,lte,24201,33151,52661769,3750,130,-85.3,-13.3,-54.3,,,,,,,,,"[{""earfcn"":""6400"",""pci"":""3"",""rsrp"":""-89.5"",""rsrq"":""-13.3"",""rssi"":""-59.3""},{""earfcn"":""6400"",""pci"":""334"",""rsrp"":""-91.6"",""rsrq"":""-16.6"",""rssi"":""-66.0""},{""earfcn"":""6400"",""pci"":""130"",""rsrp"":""-96.3"",""rsrq"":""-19.6"",""rssi"":""-66.4""},{""earfcn"":""6400"",""pci"":""489"",""rsrp"":""-96.2"",""rsrq"":""-20.0"",""rssi"":""-66.3""}]"
2026-05-08T13:34:37.630554Z,,,QMI,lte,24201,33151,52661769,3750,130,-88.5,-14.8,-55.2,,,,,,,,,"[{""earfcn"":""6400"",""pci"":""3"",""rsrp"":""-89.5"",""rsrq"":""-13.3"",""rssi"":""-59.3""},{""earfcn"":""6400"",""pci"":""334"",""rsrp"":""-91.6"",""rsrq"":""-16.6"",""rssi"":""-66.0""},{""earfcn"":""6400"",""pci"":""130"",""rsrp"":""-96.3"",""rsrq"":""-19.6"",""rssi"":""-66.4""},{""earfcn"":""6400"",""pci"":""489"",""rsrp"":""-96.2"",""rsrq"":""-20.0"",""rssi"":""-66.3""}]"
2026-05-08T13:34:48.256798Z,,,QMI,lte,24201,33151,52661769,3750,130,-81.2,-11.4,-52.3,,,,,,,,,"[{""earfcn"":""6400"",""pci"":""3"",""rsrp"":""-89.5"",""rsrq"":""-13.3"",""rssi"":""-59.3""},{""earfcn"":""6400"",""pci"":""334"",""rsrp"":""-91.6"",""rsrq"":""-16.6"",""rssi"":""-66.0""},{""earfcn"":""6400"",""pci"":""130"",""rsrp"":""-96.3"",""rsrq"":""-19.6"",""rssi"":""-66.4""},{""earfcn"":""6400"",""pci"":""489"",""rsrp"":""-96.2"",""rsrq"":""-20.0"",""rssi"":""-66.3""}]"
2026-05-08T13:34:58.869810Z,,,QMI,lte,24201,33151,52661769,3750,130,-83.7,-12.5,-54.1,,,,,,,,,"[{""earfcn"":""6400"",""pci"":""3"",""rsrp"":""-89.5"",""rsrq"":""-13.3"",""rssi"":""-59.3""},{""earfcn"":""6400"",""pci"":""334"",""rsrp"":""-91.6"",""rsrq"":""-16.6"",""rssi"":""-66.0""},{""earfcn"":""6400"",""pci"":""130"",""rsrp"":""-96.3"",""rsrq"":""-19.6"",""rssi"":""-66.4""},{""earfcn"":""6400"",""pci"":""489"",""rsrp"":""-96.2"",""rsrq"":""-20.0"",""rssi"":""-66.3""}]"
2026-05-08T13:35:09.540495Z,,,QMI,lte,24201,33151,52661769,3750,130,-79.3,-11.4,-50.4,,,,,,,,,"[{""earfcn"":""6400"",""pci"":""3"",""rsrp"":""-89.5"",""rsrq"":""-13.3"",""rssi"":""-59.3""},{""earfcn"":""6400"",""pci"":""334"",""rsrp"":""-91.6"",""rsrq"":""-16.6"",""rssi"":""-66.0""},{""earfcn"":""6400"",""pci"":""130"",""rsrp"":""-96.3"",""rsrq"":""-19.6"",""rssi"":""-66.4""},{""earfcn"":""6400"",""pci"":""489"",""rsrp"":""-96.2"",""rsrq"":""-20.0"",""rssi"":""-66.3""}]"
2026-05-08T13:35:20.250354Z,,,QMI,lte,24201,33151,52661769,3750,130,-83.3,-11.8,-53.9,,,,,,,,,"[{""earfcn"":""6400"",""pci"":""3"",""rsrp"":""-89.5"",""rsrq"":""-13.3"",""rssi"":""-59.3""},{""earfcn"":""6400"",""pci"":""334"",""rsrp"":""-91.6"",""rsrq"":""-16.6"",""rssi"":""-66.0""},{""earfcn"":""6400"",""pci"":""130"",""rsrp"":""-96.3"",""rsrq"":""-19.6"",""rssi"":""-66.4""},{""earfcn"":""6400"",""pci"":""489"",""rsrp"":""-96.2"",""rsrq"":""-20.0"",""rssi"":""-66.3""}]"
2026-05-08T13:35:30.954262Z,,,QMI,lte,24201,33151,52661769,3750,130,-80.8,-11.6,-51.5,,,,,,,,,"[{""earfcn"":""6400"",""pci"":""3"",""rsrp"":""-89.5"",""rsrq"":""-13.3"",""rssi"":""-59.3""},{""earfcn"":""6400"",""pci"":""334"",""rsrp"":""-91.6"",""rsrq"":""-16.6"",""rssi"":""-66.0""},{""earfcn"":""6400"",""pci"":""130"",""rsrp"":""-96.3"",""rsrq"":""-19.6"",""rssi"":""-66.4""},{""earfcn"":""6400"",""pci"":""489"",""rsrp"":""-96.2"",""rsrq"":""-20.0"",""rssi"":""-66.3""}]"
2026-05-08T13:35:41.660883Z,,,QMI,lte,24201,33151,52661769,3750,130,-81.3,-11.2,-53.7,,,,,,,,,"[{""earfcn"":""6400"",""pci"":""3"",""rsrp"":""-89.5"",""rsrq"":""-13.3"",""rssi"":""-59.3""},{""earfcn"":""6400"",""pci"":""334"",""rsrp"":""-91.6"",""rsrq"":""-16.6"",""rssi"":""-66.0""},{""earfcn"":""6400"",""pci"":""130"",""rsrp"":""-96.3"",""rsrq"":""-19.6"",""rssi"":""-66.4""},{""earfcn"":""6400"",""pci"":""489"",""rsrp"":""-96.2"",""rsrq"":""-20.0"",""rssi"":""-66.3""}]"
2026-05-08T13:35:52.367447Z,,,QMI,lte,24201,33151,52661769,3750,130,-96.4,-20.0,-54.8,,,,,,,,,"[{""earfcn"":""6400"",""pci"":""3"",""rsrp"":""-89.5"",""rsrq"":""-13.3"",""rssi"":""-59.3""},{""earfcn"":""6400"",""pci"":""334"",""rsrp"":""-91.6"",""rsrq"":""-16.6"",""rssi"":""-66.0""},{""earfcn"":""6400"",""pci"":""130"",""rsrp"":""-96.3"",""rsrq"":""-19.6"",""rssi"":""-66.4""},{""earfcn"":""6400"",""pci"":""489"",""rsrp"":""-96.2"",""rsrq"":""-20.0"",""rssi"":""-66.3""}]"
2026-05-08T13:36:03.096845Z,,,QMI,lte,24201,33151,52661769,3750,130,-99.8,-20.0,-55.7,,,,,,,,,"[{""earfcn"":""6400"",""pci"":""3"",""rsrp"":""-90.0"",""rsrq"":""-15.9"",""rssi"":""-66.4""},{""earfcn"":""6400"",""pci"":""187"",""rsrp"":""-84.2"",""rsrq"":""-10.1"",""rssi"":""-66.4""},{""earfcn"":""6400"",""pci"":""334"",""rsrp"":""-92.9"",""rsrq"":""-18.7"",""rssi"":""-66.4""},{""earfcn"":""6400"",""pci"":""130"",""rsrp"":""-95.8"",""rsrq"":""-20.0"",""rssi"":""-67.8""},{""earfcn"":""3150"",""pci"":""493"",""rsrp"":""-106.6"",""rsrq"":""-19.9"",""rssi"":""-79.0""},{""earfcn"":""300"",""pci"":""46"",""rsrp"":""-102.8"",""rsrq"":""-20.0"",""rssi"":""-73.8""},{""earfcn"":""300"",""pci"":""439"",""rsrp"":""-103.4"",""rsrq"":""-20.0"",""rssi"":""-73.6""}]"
2026-05-08T13:36:39.346811Z,,,QMI,lte,24201,33151,52661764,6400,187,-73.0,-5.6,-50.5,,,,,,,,,"[{""earfcn"":""3750"",""pci"":""129"",""rsrp"":""-70.8"",""rsrq"":""-8.8"",""rssi"":""-54.2""},{""earfcn"":""1450"",""pci"":""194"",""rsrp"":""-92.9"",""rsrq"":""-11.3"",""rssi"":""-73.9""},{""earfcn"":""1450"",""pci"":""238"",""rsrp"":""-102.5"",""rsrq"":""-20.0"",""rssi"":""-73.8""},{""earfcn"":""1306"",""pci"":""172"",""rsrp"":""-101.4"",""rsrq"":""-14.9"",""rssi"":""-78.3""},{""earfcn"":""1306"",""pci"":""352"",""rsrp"":""-105.6"",""rsrq"":""-18.7"",""rssi"":""-78.1""}]"
2026-05-08T13:36:50.062804Z,,,QMI,lte,24201,33151,52661765,3750,129,-70.2,-7.5,-46.3,,,,,,,,,"[{""earfcn"":""6400"",""pci"":""187"",""rsrp"":""-74.1"",""rsrq"":""-7.5"",""rssi"":""-49.5""},{""earfcn"":""1450"",""pci"":""194"",""rsrp"":""-94.3"",""rsrq"":""-12.1"",""rssi"":""-74.6""},{""earfcn"":""1450"",""pci"":""238"",""rsrp"":""-104.1"",""rsrq"":""-19.9"",""rssi"":""-74.8""},{""earfcn"":""1306"",""pci"":""172"",""rsrp"":""-96.3"",""rsrq"":""-13.8"",""rssi"":""-74.8""},{""earfcn"":""1306"",""pci"":""352"",""rsrp"":""-105.2"",""rsrq"":""-20.0"",""rssi"":""-75.0""}]"
2026-05-08T13:37:00.792960Z,,,QMI,lte,24201,33151,52661765,3750,129,-70.1,-7.3,-45.4,,,,,,,,,"[{""earfcn"":""6400"",""pci"":""187"",""rsrp"":""-74.1"",""rsrq"":""-7.5"",""rssi"":""-49.5""},{""earfcn"":""1450"",""pci"":""194"",""rsrp"":""-94.3"",""rsrq"":""-12.1"",""rssi"":""-74.6""},{""earfcn"":""1450"",""pci"":""238"",""rsrp"":""-104.1"",""rsrq"":""-19.9"",""rssi"":""-74.8""},{""earfcn"":""1306"",""pci"":""172"",""rsrp"":""-96.3"",""rsrq"":""-13.8"",""rssi"":""-74.8""},{""earfcn"":""1306"",""pci"":""352"",""rsrp"":""-105.2"",""rsrq"":""-20.0"",""rssi"":""-75.0""}]"
2026-05-08T13:37:11.413399Z,,,QMI,lte,24201,33151,52661765,3750,129,-74.5,-6.9,-50.3,,,,,,,,,"[{""earfcn"":""6400"",""pci"":""187"",""rsrp"":""-74.1"",""rsrq"":""-7.5"",""rssi"":""-49.5""},{""earfcn"":""1450"",""pci"":""194"",""rsrp"":""-94.3"",""rsrq"":""-12.1"",""rssi"":""-74.6""},{""earfcn"":""1450"",""pci"":""238"",""rsrp"":""-104.1"",""rsrq"":""-19.9"",""rssi"":""-74.8""},{""earfcn"":""1306"",""pci"":""172"",""rsrp"":""-96.3"",""rsrq"":""-13.8"",""rssi"":""-74.8""},{""earfcn"":""1306"",""pci"":""352"",""rsrp"":""-105.2"",""rsrq"":""-20.0"",""rssi"":""-75.0""}]"
2026-05-08T13:37:22.117314Z,,,QMI,lte,24201,33151,52661765,3750,129,-77.9,-9.5,-50.8,,,,,,,,,"[{""earfcn"":""3150"",""pci"":""494"",""rsrp"":""-95.1"",""rsrq"":""-9.7"",""rssi"":""-75.2""},{""earfcn"":""300"",""pci"":""45"",""rsrp"":""-86.9"",""rsrq"":""-9.4"",""rssi"":""-68.7""}]"
